areas;fos
abstracting and indexing services history;NA
advanced and specialized nursing;medical and health sciences
advertising and public relations business and economics;social sciences
advertising and public relations communications journalism;social sciences
advertising and public relations travel and tourism;social sciences
aeronautics and space flight;engineering and technology
aeronautics and space flight museums and art galleries;engineering and technology
african studies;social sciences
agricultural and biological sciences miscellaneous;agricultural sciences
agricultural economics policy;agricultural sciences
agriculture;agricultural sciences
agriculture agriculture;agricultural sciences
agriculture biology;agricultural sciences
agriculture business and economics;agricultural sciences
agriculture business and economics education;agricultural sciences
agriculture dairy animal science;agricultural sciences
agriculture earth sciences;agricultural sciences
agriculture education;agricultural sciences
agriculture engineering sciences;agricultural sciences
agriculture environmental studies;agricultural sciences
agriculture food and food industries;agricultural sciences
agriculture food sciences;agricultural sciences
agriculture forests and forestry;agricultural sciences
agriculture forests and forestry veterinary science;agricultural sciences
agriculture multidisciplinary;agricultural sciences
agriculture sciences;agricultural sciences
agriculture sociology;agricultural sciences
agriculture technology;agricultural sciences
agriculture veterinary science;agricultural sciences
agriculture water resources;agricultural sciences
agronomy;agricultural sciences
agronomy and crop science;agricultural sciences
allergy;medical and health sciences
alternative medicine;medical and health sciences
analysis;NA
analytical chemistry;medical and health sciences
anesthesiology;medical and health sciences
anesthesiology and pain medicine;medical and health sciences
animal science and zoology;natural sciences
anthropology;social sciences
anthropology archaeology;social sciences
anthropology archaeology biology paleontology;social sciences
anthropology art history;social sciences
anthropology ethnic interests religions and theology;social sciences
anthropology folklore history;social sciences
anthropology history;social sciences
anthropology history sciences;social sciences
anthropology linguistics;social sciences
anthropology literature;social sciences
anthropology medical sciences;social sciences
anthropology sociology;social sciences
applied mathematics;natural sciences
applied microbiology and biotechnology;natural sciences
applied psychology;social sciences
aquatic science;natural sciences
aquatic sciences;natural sciences
archaeology;humanities
archaeology asian studies;humanities
archaeology ceramics glass and pottery;humanities
archaeology genealogy and heraldry history;humanities
archaeology history;humanities
archaeology humanities;humanities
archaeology linguistics asian studies;humanities
archaeology religions and theology;humanities
archeology;humanities
archeology arts and humanities;humanities
architecture;engineering and technology
architecture art;humanities
architecture building and construction;engineering and technology
architecture building and construction engineering;engineering and technology
architecture building and construction housing and urban planning;engineering and technology
architecture housing and urban planning;engineering and technology
area studies;NA
art;humanities
art architecture;humanities
art history;humanities
art humanities;humanities
art literature;humanities
art music;humanities
art religions and theology sciences;humanities
art sciences;humanities
art social sciences;humanities
art sociology;humanities
artificial intelligence;engineering and technology
arts and humanities miscellaneous;humanities
asian studies religions and theology;humanities
astronomy;natural sciences
astronomy and astrophysics;natural sciences
astronomy earth sciences;natural sciences
astronomy mathematics physics;natural sciences
atmospheric science;natural sciences
atomic and molecular physics and optics;natural sciences
audiology speechlanguage pathology;medical and health sciences
automotive engineering;engineering and technology
behavioral neuroscience;medical and health sciences
beverages;engineering and technology
bibliographies;NA
biochemistry;medical and health sciences
biochemistry genetics and molecular biology miscellaneous;medical and health sciences
biochemistry medical;medical and health sciences
biochemistry molecular biology;medical and health sciences
biodiversity conservation;natural sciences
bioengineering;medical and health sciences
biology;natural sciences
biology biology;natural sciences
biology chemistry;natural sciences
biology chemistry pharmacy and pharmacology;natural sciences
biology conservation;natural sciences
biology earth sciences;natural sciences
biology environmental studies;natural sciences
biology fish and fisheries;natural sciences
biology law;natural sciences
biology life sciences;natural sciences
biology mathematics;natural sciences
biology medical sciences;natural sciences
biology medical sciences pharmacy and pharmacology;natural sciences
biology pharmacy and pharmacology;natural sciences
biology philosophy;natural sciences
biology sciences;natural sciences
biomedical engineering;medical and health sciences
biophysics;natural sciences
biotechnology;natural sciences
biotechnology applied microbiology;natural sciences
birth control;medical and health sciences
building and construction;engineering and technology
building and construction housing and urban planning;engineering and technology
business;social sciences
business and economics;social sciences
business and economics business and economics;social sciences
business and economics education;social sciences
business and economics humanities;social sciences
business and economics insurance;social sciences
business and economics law;social sciences
business and economics law political science social sciences;social sciences
business and economics political science sociology;social sciences
business and economics public administration;social sciences
business and economics social sciences;social sciences
business and economics sociology;social sciences
business and economics statistics;social sciences
business and international management;social sciences
business finance;social sciences
business management and accounting miscellaneous;social sciences
cancer research;medical and health sciences
cardiac cardiovascular systems;medical and health sciences
cardiology and cardiovascular medicine;medical and health sciences
catalysis;engineering and technology
cell biology;medical and health sciences
cellular and molecular neuroscience;medical and health sciences
chemical engineering miscellaneous;natural sciences
chemistry;natural sciences
chemistry biology;natural sciences
chemistry mathematics physics;natural sciences
chemistry medicinal;natural sciences
chemistry mines and mining industry;natural sciences
chemistry miscellaneous;natural sciences
chemistry multidisciplinary;natural sciences
chemistry physical;natural sciences
chemistry physics;natural sciences
children and youth about;social sciences
children and youth about social services and welfare;social sciences
children and youth about womens studies;social sciences
children and youth for;social sciences
children and youth for religions and theology;social sciences
civil and structural engineering;engineering and technology
civil defense business and economics;social sciences
classical studies;humanities
classical studies linguistics;humanities
classics;humanities
clinical biochemistry;medical and health sciences
clinical psychology;social sciences
clubs college and alumni pharmacy and pharmacology;natural sciences
cognitive neuroscience;medical and health sciences
college and alumni;NA
communication;social sciences
communications;social sciences
communications computers;social sciences
communications engineering;social sciences
communications journalism;social sciences
communications library and information sciences computers;social sciences
communications sociology;social sciences
complementary and alternative medicine;medical and health sciences
computational mechanics;natural sciences
computer networks and communications;natural sciences
computer science applications;natural sciences
computer science artificial intelligence;natural sciences
computer science information systems;natural sciences
computer science miscellaneous;natural sciences
computers;natural sciences
condensed matter physics;natural sciences
conservation;NA
conservation forests and forestry;agricultural sciences
conservation housing and urban planning;social sciences
control and systems engineering;engineering and technology
criminology and law enforcement;social sciences
criminology and law enforcement law;social sciences
criminology and law enforcement social sciences;social sciences
criminology penology;social sciences
critical care and intensive care medicine;medical and health sciences
critical care medicine;medical and health sciences
cultural studies;humanities
dance;humanities
dance music;humanities
dance music theater;humanities
dance physical fitness and hygiene sports and games;humanities
demography;social sciences
dentistry miscellaneous;medical and health sciences
dermatology;medical and health sciences
development;NA
developmental and educational psychology;social sciences
drug discovery;natural sciences
earth and planetary sciences miscellaneous;natural sciences
earth sciences;natural sciences
earth sciences medical sciences sciences;natural sciences
ecological modeling;natural sciences
ecology;natural sciences
ecology evolution behavior and systematics;natural sciences
economics;social sciences
economics and econometrics;social sciences
economics development;social sciences
economics econometrics and finance miscellaneous;social sciences
education;social sciences
education business and economics;social sciences
education educational research;social sciences
education history;social sciences
education humanities;social sciences
education linguistics;social sciences
education mathematics;social sciences
education medical sciences;social sciences
education psychology;social sciences
education sciences;social sciences
education scientific disciplines;social sciences
education social sciences;social sciences
education sociology;social sciences
education technology;social sciences
electrical and electronic engineering;engineering and technology
electronic optical and magnetic materials;engineering and technology
electronics;engineering and technology
emergency medicine;medical and health sciences
endocrinology;medical and health sciences
endocrinology diabetes and metabolism;medical and health sciences
energy;engineering and technology
energy fuels;engineering and technology
energy miscellaneous;engineering and technology
engineering;engineering and technology
engineering biomedical;engineering and technology
engineering civil;engineering and technology
engineering computers;engineering and technology
engineering electrical electronic;engineering and technology
engineering industrial;engineering and technology
engineering mathematics;engineering and technology
engineering miscellaneous;engineering and technology
engineering multidisciplinary;engineering and technology
engineering sciences;engineering and technology
engineering social sciences;engineering and technology
engineering technology;engineering and technology
entomology;natural sciences
environmental chemistry;natural sciences
environmental science miscellaneous;natural sciences
environmental sciences;natural sciences
environmental studies;natural sciences
environmental studies biology;natural sciences
environmental studies biology conservation earth sciences;natural sciences
environmental studies business and economics;natural sciences
environmental studies business and economics law;natural sciences
environmental studies chemistry;natural sciences
environmental studies chemistry engineering;natural sciences
environmental studies conservation;natural sciences
environmental studies conservation travel and tourism;natural sciences
environmental studies earth sciences;natural sciences
environmental studies education;natural sciences
environmental studies energy;natural sciences
environmental studies engineering;natural sciences
environmental studies law;natural sciences
environmental studies meteorology;natural sciences
environmental studies population studies;natural sciences
environmental studies public health and safety;natural sciences
environmental studies sciences;natural sciences
environmental studies social sciences;natural sciences
environmental studies water resources;natural sciences
epidemiology;medical and health sciences
ethnic interests;humanities
ethnic interests religions and theology;humanities
family practice;social sciences
finance;social sciences
finance management;social sciences
fish and fisheries;agricultural sciences
folklore;humanities
folklore linguistics;humanities
folklore literature;humanities
food and food industries;agricultural sciences
food and food industries nutrition and dietetics;agricultural sciences
food and food industries public health and safety;agricultural sciences
food science;agricultural sciences
food science technology;agricultural sciences
forestry;agricultural sciences
forests and forestry;agricultural sciences
forests and forestry forests and forestry;agricultural sciences
forests and forestry gardening and horticulture;agricultural sciences
fuel technology;engineering and technology
gardening and horticulture;agricultural sciences
gastroenterology;medical and health sciences
general science broad subject range;NA
genetics;medical and health sciences
genetics clinical;medical and health sciences
geochemistry and petrology;natural sciences
geography;natural sciences
geography asian studies;social sciences
geography housing and urban planning;social sciences
geography linguistics;social sciences
geography planning and development;social sciences
geography public administration;social sciences
geology;natural sciences
geophysics;natural sciences
geotechnical engineering and engineering geology;engineering and technology
gerontology;medical and health sciences
gerontology and geriatrics;medical and health sciences
handicapped;medical and health sciences
hardware and architecture;natural sciences
health;medical and health sciences
health care sciences services;medical and health sciences
health facilities and administration;medical and health sciences
health facilities and administration medical sciences;medical and health sciences
health informatics;medical and health sciences
health information management;medical and health sciences
health policy;medical and health sciences
health policy services;medical and health sciences
health professions miscellaneous;medical and health sciences
health social science;medical and health sciences
health toxicology and mutagenesis;medical and health sciences
hematology;medical and health sciences
hepatology;medical and health sciences
history;humanities
history ethnic interests;humanities
history military;NA
history political science;social sciences
home economics;social sciences
home economics consumer education and protection;social sciences
horticulture;agricultural sciences
hotels and restaurants;social sciences
hotels and restaurants business and economics;social sciences
hotels and restaurants travel and tourism;social sciences
housing and urban planning;social sciences
humancomputer interaction;social sciences
humanities;humanities
humanities broad subject range;humanities
humanities multidisciplinary;humanities
immunology;medical and health sciences
immunology and allergy;medical and health sciences
immunology and microbiology miscellaneous;medical and health sciences
industrial and manufacturing engineering;engineering and technology
infectious diseases;medical and health sciences
information communication library sciences;social sciences
information science library science;social sciences
information systems;NA
information systems and management;NA
insect science;natural sciences
insurance;social sciences
integrative complementary medicine;medical and health sciences
international relations;social sciences
journalism;social sciences
journalism sociology;social sciences
language linguistics;humanities
language literature;humanities
law;social sciences
law law;social sciences
law political science;social sciences
law social sciences;social sciences
law sociology;social sciences
library and information sciences;social sciences
library and information sciences computers;social sciences
linguistics;humanities
linguistics and language;humanities
linguistics history;humanities
linguistics literary and political reviews;humanities
linguistics literature;humanities
linguistics literature ethnic interests;humanities
linguistics sociology;humanities
literary and political reviews;humanities
literary and political reviews ethnic interests;humanities
literary and political reviews literature;humanities
literary theory criticism;humanities
literature;humanities
literature and literary theory;humanities
literature asian studies;humanities
literature ethnic interests;humanities
literature literature;humanities
literature medical sciences sciences;humanities
literature sciences;humanities
literature theater;humanities
management;social sciences
management information systems;social sciences
management monitoring policy and law;social sciences
management science and operations research;social sciences
marine freshwater biology;natural sciences
materials chemistry;engineering and technology
materials science miscellaneous;engineering and technology
materials science multidisciplinary;engineering and technology
maternity and midwifery;medical and health sciences
mathematical physics;natural sciences
mathematics;natural sciences
mathematics computers;natural sciences
mathematics miscellaneous;natural sciences
mathematics physics;natural sciences
mathematics statistics;natural sciences
mathematics statistics energy;natural sciences
mechanical engineering;natural sciences
mechanics of materials;natural sciences
medical ethics;medical and health sciences
medical laboratory technology;medical and health sciences
medical sciences;medical and health sciences
medical sciences alternative medicine;medical and health sciences
medical sciences biology;medical and health sciences
medical sciences medical sciences;medical and health sciences
medical sciences meetings and congresses;medical and health sciences
medical sciences military;medical and health sciences
medical sciences occupational health and safety;medical and health sciences
medical sciences pharmacy and pharmacology;medical and health sciences
medical sciences sciences;medical and health sciences
medicine general internal;medical and health sciences
medicine legal;NA
medicine miscellaneous;medical and health sciences
medicine research experimental;medical and health sciences
metallurgy metallurgical engineering;engineering and technology
metallurgy mines and mining industry;engineering and technology
metals and alloys;engineering and technology
meteorology;engineering and technology
meteorology environmental studies;natural sciences
microbiology;natural sciences
microbiology medical;natural sciences
military;NA
military political science;social sciences
mines and mining industry;engineering and technology
mines and mining industry occupational health and safety;engineering and technology
mines and mining industry petroleum and gas;engineering and technology
mining mineral processing;engineering and technology
modeling and simulation;NA
molecular biology;natural sciences
molecular medicine;medical and health sciences
motion pictures theater;humanities
multidisciplinary;NA
multidisciplinary sciences;NA
museology;humanities
museums and art galleries history;humanities
museums and art galleries medical sciences;humanities
museums and art galleries sciences;humanities
music;humanities
music psychology;humanities
neurology;medical and health sciences
neurology clinical;medical and health sciences
neuroscience miscellaneous;medical and health sciences
nuclear energy and engineering;engineering and technology
nuclear science technology;engineering and technology
nursing;medical and health sciences
nursing miscellaneous;medical and health sciences
nutrition and dietetics;medical and health sciences
nutrition and dietetics pharmacy and pharmacology;medical and health sciences
nutrition dietetics;medical and health sciences
obstetrics and gynecology;medical and health sciences
obstetrics gynecology;medical and health sciences
occupational health and safety;medical and health sciences
occupational therapy;medical and health sciences
occupations and careers;social sciences
oceanography;natural sciences
oncology;medical and health sciences
ophthalmology;medical and health sciences
optics;medical and health sciences
optometry;medical and health sciences
organic chemistry;medical and health sciences
organizational behavior and human resource management;social sciences
ornithology;natural sciences
orthopedics and sports medicine;medical and health sciences
otorhinolaryngology;medical and health sciences
paleontology;humanities
parasitology;medical and health sciences
patents trademarks and copyrights;social sciences
pathology and forensic medicine;medical and health sciences
pediatrics;medical and health sciences
pediatrics perinatology and child health;medical and health sciences
petroleum and gas;engineering and technology
pharmaceutical science;medical and health sciences
pharmacology;medical and health sciences
pharmacology medical;medical and health sciences
pharmacology pharmacy;medical and health sciences
pharmacology toxicology and pharmaceutics miscellaneous;medical and health sciences
pharmacy;medical and health sciences
pharmacy and pharmacology;medical and health sciences
pharmacy and pharmacology alternative medicine;medical and health sciences
pharmacy and pharmacology biology;medical and health sciences
pharmacy and pharmacology environmental studies;medical and health sciences
philosophy;humanities
philosophy religions and theology;humanities
physical and theoretical chemistry;natural sciences
physical fitness and hygiene medical sciences;medical and health sciences
physical fitness and hygiene public health and safety;medical and health sciences
physical therapy sports therapy and rehabilitation;medical and health sciences
physics;natural sciences
physics and astronomy miscellaneous;natural sciences
physics atomic molecular chemical;natural sciences
physics sciences;natural sciences
physiology;medical and health sciences
physiology medical;medical and health sciences
plant science;natural sciences
plant sciences;natural sciences
political science;social sciences
political science and international relations;social sciences
political science business and economics;social sciences
political science law;social sciences
political science political science;social sciences
political science public administration;social sciences
political science religions and theology;social sciences
political science social sciences;social sciences
political science sociology;social sciences
pollution;NA
polymers and plastics;engineering and technology
population studies;social sciences
primary health care;medical and health sciences
process chemistry and technology;engineering and technology
psychiatry;medical and health sciences
psychiatry and mental health;medical and health sciences
psychology;social sciences
psychology applied;social sciences
psychology computers;social sciences
psychology multidisciplinary;social sciences
psychology psychiatry;social sciences
psychology sociology;social sciences
psychology sports and games;social sciences
public administration;social sciences
public environmental occupational health;medical and health sciences
public health and safety;medical and health sciences
public health and safety environmental studies;medical and health sciences
public health and safety medical sciences;medical and health sciences
public health and safety nutrition and dietetics;medical and health sciences
public health and safety pharmacy and pharmacology;medical and health sciences
public health and safety political science housing and urban planning;medical and health sciences
public health environmental and occupational health;medical and health sciences
publishing and book trade;NA
publishing and book trade literature;NA
pulmonary and respiratory medicine;medical and health sciences
radiation;medical and health sciences
radiological and ultrasound technology;medical and health sciences
radiology nuclear medicine and imaging;medical and health sciences
radiology nuclear medicine medical imaging;medical and health sciences
real estate;social sciences
regional urban planning;humanities
rehabilitation;humanities
religion;humanities
religions and theology;humanities
religions and theology ethnic interests;humanities
religions and theology social sciences;humanities
religions and theology sociology;humanities
religious studies;humanities
remote sensing;engineering and technology
renewable energy sustainability and the environment;engineering and technology
reproductive biology;natural sciences
reproductive medicine;medical and health sciences
rheumatology;medical and health sciences
robotics;engineering and technology
safety research;NA
safety risk reliability and quality;NA
sciences;NA
social issues;social sciences
social psychology;social sciences
social sciences;social sciences
social sciences interdisciplinary;social sciences
social sciences miscellaneous;social sciences
social services and welfare;social sciences
social services and welfare business and economics;social sciences
social services and welfare handicapped;social sciences
social work;social sciences
sociology;social sciences
sociology and political science;social sciences
sociology anthropology;social sciences
software;engineering and technology
soil science;agricultural sciences
sound recording and reproduction;NA
spectroscopy;medical and health sciences
sport sciences;medical and health sciences
sports and games;NA
sports and games travel and tourism;NA
sports and games travel and tourism leisure and recreation;NA
sports science;medical and health sciences
statistics and probability;natural sciences
statistics computers;natural sciences
statistics political science;social sciences
statistics probability;natural sciences
statistics probability and uncertainty;natural sciences
strategy and management;social sciences
surfaces coatings and films;natural sciences
surgery;medical and health sciences
technology;engineering and technology
technology computer science engineering;engineering and technology
textile industries and fabrics;engineering and technology
theater;humanities
tourism leisure and hospitality management;NA
toxicology;medical and health sciences
transportation;social sciences
travel and tourism;NA
urology;medical and health sciences
urology nephrology;medical and health sciences
veterinary miscellaneous;agricultural sciences
veterinary science;agricultural sciences
veterinary sciences;agricultural sciences
virology;natural sciences
visual arts and performing arts;humanities
waste management and disposal;NA
water resources;natural sciences
water science and technology;natural sciences
womens health;social sciences
womens interests womens studies;social sciences
womens studies;social sciences
zoology;natural sciences